imei 1/sn,sku_name,activate_time
867555052196438,Redmi 9A Sea Blue 3GB RAM 32GB ROM,10/10/2020 11:10
862851050440414,Redmi 9A Sea Blue 2GB RAM 32GB ROM,10/10/2020 11:32
862851050447211,Redmi 9A Sea Blue 2GB RAM 32GB ROM,10/10/2020 11:32
862851050251118,Redmi 9A Sea Blue 2GB RAM 32GB ROM,10/10/2020 12:19
867250052667162,Redmi 9 Prime Space Blue 4GB RAM 64GB ROM,10/10/2020 12:57
862851050066284,Redmi 9A Sea Blue 2GB RAM 32GB ROM,10/10/2020 13:08
863685053528331,Redmi 9 Carbon Black 4GB RAM 64GB ROM,10/10/2020 15:49
867250051819160,Redmi 9 Prime Sunrise Flare 4GB RAM 64GB ROM,10/10/2020 16:05
867250051741422,Redmi 9 Prime Sunrise Flare 4GB RAM 64GB ROM,10/10/2020 16:12
867250051822321,Redmi 9 Prime Sunrise Flare 4GB RAM 64GB ROM,10/10/2020 16:15
865528050763394,Redmi Note 9 Pro Max Interstellar Black 6GB RAM 128GB ROM,10/10/2020 17:18
865528052758491,Redmi Note 9 Pro Max Aurora Blue 6GB RAM 64GB ROM,10/10/2020 19:30
863349042770419,Redmi 8A Dual Sky White 3GB RAM 64GB ROM,10/11/2020 5:29
861258044157206,Redmi Note 9 Aqua Green 4GB RAM 64GB ROM,10/11/2020 9:43
860669055849930,Redmi 8A Dual Sky White 2GB RAM 32GB ROM,10/11/2020 10:41
865447043114013,Redmi Note 9 Pro Max Aurora Blue 6GB RAM 64GB ROM,10/11/2020 12:42
860162057737444,Redmi 8A Dual Sky White 2GB RAM 32GB ROM,10/11/2020 13:51
866320041334512,Mi A3 4GB RAM 64GB ROM More Than White,10/11/2020 17:02
867555052567398,Redmi 9A Sea Blue 3GB RAM 32GB ROM,10/11/2020 17:44
862024054669137,Redmi Note 9 Aqua Green 4GB RAM 128GB ROM,10/11/2020 20:26
863685054424670,Redmi 9 Sky Blue 4GB RAM 64GB ROM,10/12/2020 12:51
862024058572410,Redmi Note 9 Aqua Green 6GB RAM 128GB ROM,10/12/2020 16:10
863685054426451,Redmi 9 Sky Blue 4GB RAM 64GB ROM,10/12/2020 16:37
867555052224255,Redmi 9A Sea Blue 3GB RAM 32GB ROM,10/12/2020 16:39
865528050605975,Redmi Note 9 Pro Max Aurora Blue 6GB RAM 128GB ROM,10/12/2020 19:02
867250052669341,Redmi 9 Prime Space Blue 4GB RAM 64GB ROM,10/12/2020 19:15
867555051422413,Redmi 9A Nature Green 3GB RAM 32GB ROM,10/12/2020 21:25
867555051348139,Redmi 9A Nature Green 3GB RAM 32GB ROM,10/13/2020 12:35
867555051816473,Redmi 9A Sea Blue 3GB RAM 32GB ROM,10/13/2020 12:58
867936046724545,Redmi 9i Midnight Black 4GB RAM 128GB ROM,10/13/2020 14:00
867936046829948,Redmi 9i Midnight Black 4GB RAM 128GB ROM,10/13/2020 14:13
867936046832488,Redmi 9i Midnight Black 4GB RAM 128GB ROM,10/13/2020 14:17
867936046716087,Redmi 9i Midnight Black 4GB RAM 128GB ROM,10/13/2020 14:25
867936046849706,Redmi 9i Midnight Black 4GB RAM 128GB ROM,10/13/2020 14:32
867936046826803,Redmi 9i Midnight Black 4GB RAM 128GB ROM,10/13/2020 14:40
867936046825144,Redmi 9i Midnight Black 4GB RAM 128GB ROM,10/13/2020 14:49
868448043460312,Redmi Note 9 Pro Max Aurora Blue 6GB RAM 128GB ROM,10/13/2020 15:25
865528050760713,Redmi Note 9 Pro Max Interstellar Black 6GB RAM 128GB ROM,10/13/2020 15:30
865528050691298,Redmi Note 9 Pro Max Aurora Blue 6GB RAM 128GB ROM,10/13/2020 15:39
864391040047357,Redmi Note 9 Arctic White 4GB RAM 128GB ROM,10/13/2020 15:49
864391040147835,Redmi Note 9 Arctic White 4GB RAM 128GB ROM,10/13/2020 15:53
864391040137315,Redmi Note 9 Arctic White 4GB RAM 128GB ROM,10/13/2020 16:04
864391040134031,Redmi Note 9 Arctic White 4GB RAM 128GB ROM,10/13/2020 16:11
862024054464174,Redmi Note 9 Aqua Green 4GB RAM 128GB ROM,10/13/2020 16:12
860862046002731,Redmi Note 9 Arctic White 4GB RAM 128GB ROM,10/14/2020 7:13
867473040779978,Redmi 8A Dual Sea Blue 3GB RAM 64GB ROM,10/14/2020 9:07
863685054420512,Redmi 9 Sky Blue 4GB RAM 64GB ROM,10/14/2020 9:13
867555052232118,Redmi 9A Sea Blue 3GB RAM 32GB ROM,10/14/2020 9:27
862024054688418,Redmi Note 9 Aqua Green 4GB RAM 128GB ROM,10/14/2020 10:48
863118044603096,Redmi Note 9 Pro Interstellar Black 4GB RAM 64GB ROM,10/14/2020 15:58
867936046836547,Redmi 9i Midnight Black 4GB RAM 128GB ROM,10/14/2020 16:09
867936046671464,Redmi 9i Midnight Black 4GB RAM 128GB ROM,10/14/2020 16:13
867936046802689,Redmi 9i Midnight Black 4GB RAM 128GB ROM,10/14/2020 16:24
867936046793623,Redmi 9i Midnight Black 4GB RAM 128GB ROM,10/14/2020 16:27
867936046803687,Redmi 9i Midnight Black 4GB RAM 128GB ROM,10/14/2020 16:36
862024059141553,Redmi Note 9 Pebble Grey 4GB RAM 128GB ROM,10/14/2020 18:31
864391040113811,Redmi Note 9 Pebble Grey 4GB RAM 128GB ROM,10/14/2020 18:32
862024054691354,Redmi Note 9 Aqua Green 4GB RAM 128GB ROM,10/14/2020 18:37
868918047461706,Redmi 9 Prime Mint Green 4GB RAM 128GB ROM,10/15/2020 13:40
867555051750631,Redmi 9A Sea Blue 3GB RAM 32GB ROM,10/15/2020 13:46
868918047205145,Redmi 9 Prime Mint Green 4GB RAM 128GB ROM,10/15/2020 13:51
868918046800508,Redmi 9 Prime Space Blue 4GB RAM 128GB ROM,10/15/2020 13:55
868918046823401,Redmi 9 Prime Space Blue 4GB RAM 128GB ROM,10/15/2020 14:03
868918047436047,Redmi 9 Prime Space Blue 4GB RAM 128GB ROM,10/15/2020 14:26
868918046850206,Redmi 9 Prime Space Blue 4GB RAM 128GB ROM,10/15/2020 14:28
868918047243047,Redmi 9 Prime Mint Green 4GB RAM 128GB ROM,10/15/2020 14:35
868918047238781,Redmi 9 Prime Mint Green 4GB RAM 128GB ROM,10/15/2020 14:45
868918047277748,Redmi 9 Prime Mint Green 4GB RAM 128GB ROM,10/15/2020 14:55
868918048800423,Redmi 9 Prime Space Blue 4GB RAM 128GB ROM,10/15/2020 15:00
865447042197217,Redmi Note 9 Pro Max Aurora Blue 6GB RAM 128GB ROM,10/15/2020 15:07
868448044402651,Redmi Note 9 Pro Max Interstellar Black 6GB RAM 128GB ROM,10/15/2020 15:09
865447042415551,Redmi Note 9 Pro Max Aurora Blue 6GB RAM 128GB ROM,10/15/2020 15:11
865447042730595,Redmi Note 9 Pro Max Aurora Blue 6GB RAM 128GB ROM,10/15/2020 15:27
868448044350835,Redmi Note 9 Pro Max Interstellar Black 6GB RAM 128GB ROM,10/15/2020 15:31
868448044330159,Redmi Note 9 Pro Max Interstellar Black 6GB RAM 128GB ROM,10/15/2020 15:42
865447042435955,Redmi Note 9 Pro Max Aurora Blue 6GB RAM 128GB ROM,10/15/2020 16:44
868448044742296,Redmi Note 9 Pro Max Aurora Blue 6GB RAM 128GB ROM,10/15/2020 16:50
865447042855350,Redmi Note 9 Pro Max Aurora Blue 6GB RAM 128GB ROM,10/15/2020 17:03
865447042603990,Redmi Note 9 Pro Max Aurora Blue 6GB RAM 128GB ROM,10/15/2020 17:08
862024058474310,Redmi Note 9 Aqua Green 6GB RAM 128GB ROM,10/15/2020 17:20
865528050093651,Redmi Note 9 Pro Max Aurora Blue 6GB RAM 128GB ROM,10/15/2020 17:21
865528050693914,Redmi Note 9 Pro Max Aurora Blue 6GB RAM 128GB ROM,10/15/2020 17:27
868448044379834,Redmi Note 9 Pro Max Interstellar Black 6GB RAM 128GB ROM,10/15/2020 17:31
868448044342378,Redmi Note 9 Pro Max Interstellar Black 6GB RAM 128GB ROM,10/15/2020 17:41
860162055825431,Redmi 8A Dual Sea Blue 2GB RAM 32GB ROM,10/16/2020 13:11
867250051884909,Redmi 9 Prime Sunrise Flare 4GB RAM 64GB ROM,10/16/2020 14:34
867250051816505,Redmi 9 Prime Sunrise Flare 4GB RAM 64GB ROM,10/16/2020 14:38
867250051889841,Redmi 9 Prime Sunrise Flare 4GB RAM 64GB ROM,10/16/2020 14:47
867250051262841,Redmi 9 Prime Mint Green 4GB RAM 64GB ROM,10/16/2020 15:00
867250052674663,Redmi 9 Prime Space Blue 4GB RAM 64GB ROM,10/16/2020 15:11
867250051892340,Redmi 9 Prime Sunrise Flare 4GB RAM 64GB ROM,10/16/2020 15:45
864391042798197,Redmi Note 9 Pebble Grey 4GB RAM 64GB ROM,10/16/2020 15:54
867250051805029,Redmi 9 Prime Sunrise Flare 4GB RAM 64GB ROM,10/16/2020 16:21
867555051764673,Redmi 9A Sea Blue 3GB RAM 32GB ROM,10/16/2020 16:53
864391043034774,Redmi Note 9 Pebble Grey 4GB RAM 64GB ROM,10/16/2020 17:54
867250051799305,Redmi 9 Prime Sunrise Flare 4GB RAM 64GB ROM,10/16/2020 20:03
862024059248259,Redmi Note 9 Arctic White 4GB RAM 128GB ROM,10/16/2020 20:36
862024058504090,Redmi Note 9 Pebble Grey 4GB RAM 128GB ROM,10/16/2020 20:38
867555051584410,Redmi 9A Sea Blue 3GB RAM 32GB ROM,10/16/2020 20:45
864391043097672,Redmi Note 9 Pebble Grey 4GB RAM 64GB ROM,10/17/2020 14:30
864391043064334,Redmi Note 9 Pebble Grey 4GB RAM 64GB ROM,10/17/2020 15:16
864391042713337,Redmi Note 9 Aqua Green 4GB RAM 64GB ROM,10/17/2020 15:23
867250051829789,Redmi 9 Prime Sunrise Flare 4GB RAM 64GB ROM,10/17/2020 15:39
867250050854028,Redmi 9 Prime Mint Green 4GB RAM 64GB ROM,10/17/2020 15:51
867250052671701,Redmi 9 Prime Space Blue 4GB RAM 64GB ROM,10/17/2020 16:02
867250052674143,Redmi 9 Prime Space Blue 4GB RAM 64GB ROM,10/17/2020 16:06
867250051896663,Redmi 9 Prime Sunrise Flare 4GB RAM 64GB ROM,10/17/2020 16:16
867250051871187,Redmi 9 Prime Sunrise Flare 4GB RAM 64GB ROM,10/17/2020 16:16
867250051880766,Redmi 9 Prime Sunrise Flare 4GB RAM 64GB ROM,10/17/2020 16:20
867250052466102,Redmi 9 Prime Space Blue 4GB RAM 64GB ROM,10/17/2020 16:25
867250051794025,Redmi 9 Prime Sunrise Flare 4GB RAM 64GB ROM,10/17/2020 16:26
862024058564938,Redmi Note 9 Aqua Green 6GB RAM 128GB ROM,10/17/2020 16:27
867250052674168,Redmi 9 Prime Space Blue 4GB RAM 64GB ROM,10/17/2020 16:31
862024058609899,Redmi Note 9 Aqua Green 6GB RAM 128GB ROM,10/17/2020 16:33
863118044577373,Redmi Note 9 Pro Interstellar Black 4GB RAM 64GB ROM,10/17/2020 16:56
864391042722593,Redmi Note 9 Aqua Green 4GB RAM 64GB ROM,10/17/2020 18:20
862024058451078,Redmi Note 9 Pebble Grey 4GB RAM 128GB ROM,10/17/2020 18:23
864391043074770,Redmi Note 9 Pebble Grey 4GB RAM 64GB ROM,10/17/2020 18:30
862024058058675,Redmi Note 9 Aqua Green 4GB RAM 128GB ROM,10/17/2020 18:34
863118048296715,Redmi Note 9 Pro Aurora Blue 4GB RAM 64GB ROM,10/17/2020 18:39
862851050460263,Redmi 9A Sea Blue 2GB RAM 32GB ROM,10/17/2020 18:42
862024059241171,Redmi Note 9 Arctic White 4GB RAM 128GB ROM,10/17/2020 18:44
862851050437592,Redmi 9A Sea Blue 2GB RAM 32GB ROM,10/17/2020 18:58
863118048239699,Redmi Note 9 Pro Aurora Blue 4GB RAM 64GB ROM,10/17/2020 19:17
862851050238941,Redmi 9A Sea Blue 2GB RAM 32GB ROM,10/17/2020 19:58
867555051933039,Redmi 9A Sea Blue 3GB RAM 32GB ROM,10/18/2020 12:49
864391042810877,Redmi Note 9 Aqua Green 4GB RAM 64GB ROM,10/18/2020 14:51
864391042741015,Redmi Note 9 Pebble Grey 4GB RAM 64GB ROM,10/18/2020 15:00
864391043081353,Redmi Note 9 Pebble Grey 4GB RAM 64GB ROM,10/18/2020 15:04
864391042728012,Redmi Note 9 Pebble Grey 4GB RAM 64GB ROM,10/18/2020 15:08
864391042803377,Redmi Note 9 Pebble Grey 4GB RAM 64GB ROM,10/18/2020 15:12
864391042829216,Redmi Note 9 Aqua Green 4GB RAM 64GB ROM,10/18/2020 15:16
864391043101375,Redmi Note 9 Pebble Grey 4GB RAM 64GB ROM,10/18/2020 15:16
864391042821338,Redmi Note 9 Aqua Green 4GB RAM 64GB ROM,10/18/2020 15:20
864391043078870,Redmi Note 9 Pebble Grey 4GB RAM 64GB ROM,10/18/2020 15:23
864391042757433,Redmi Note 9 Pebble Grey 4GB RAM 64GB ROM,10/18/2020 15:25
864391042710499,Redmi Note 9 Pebble Grey 4GB RAM 64GB ROM,10/18/2020 15:33
864391043081254,Redmi Note 9 Pebble Grey 4GB RAM 64GB ROM,10/18/2020 15:35
863118048608596,Redmi Note 9 Pro Interstellar Black 4GB RAM 64GB ROM,10/18/2020 15:47
862024058524494,Redmi Note 9 Pebble Grey 4GB RAM 128GB ROM,10/18/2020 15:53
862024059264017,Redmi Note 9 Arctic White 4GB RAM 128GB ROM,10/18/2020 15:56
863118044577894,Redmi Note 9 Pro Interstellar Black 4GB RAM 64GB ROM,10/18/2020 16:01
862024058042919,Redmi Note 9 Aqua Green 4GB RAM 128GB ROM,10/18/2020 16:02
868918049002482,Redmi 9 Prime Space Blue 4GB RAM 128GB ROM,10/18/2020 16:14
868918047839125,Redmi 9 Prime Mint Green 4GB RAM 128GB ROM,10/18/2020 16:14
868918049038981,Redmi 9 Prime Space Blue 4GB RAM 128GB ROM,10/18/2020 16:17
868918046794628,Redmi 9 Prime Mint Green 4GB RAM 128GB ROM,10/18/2020 16:19
868918047813765,Redmi 9 Prime Mint Green 4GB RAM 128GB ROM,10/18/2020 16:23
867555052286890,Redmi 9A Sea Blue 3GB RAM 32GB ROM,10/19/2020 11:02
867250051883141,Redmi 9 Prime Sunrise Flare 4GB RAM 64GB ROM,10/19/2020 12:51
867250051837626,Redmi 9 Prime Sunrise Flare 4GB RAM 64GB ROM,10/19/2020 12:53
867250051267220,Redmi 9 Prime Mint Green 4GB RAM 64GB ROM,10/19/2020 14:24
864782044775219,Redmi Note 9 Pro Interstellar Black 4GB RAM 64GB ROM,10/19/2020 15:34
864782044774394,Redmi Note 9 Pro Interstellar Black 4GB RAM 64GB ROM,10/19/2020 15:43
864782044774154,Redmi Note 9 Pro Interstellar Black 4GB RAM 64GB ROM,10/19/2020 16:19
864782044757894,Redmi Note 9 Pro Interstellar Black 4GB RAM 64GB ROM,10/19/2020 16:43
864782044777298,Redmi Note 9 Pro Interstellar Black 4GB RAM 64GB ROM,10/19/2020 16:59
867936046679061,Redmi 9i Midnight Black 4GB RAM 128GB ROM,10/19/2020 17:18
863118048633032,Redmi Note 9 Pro Interstellar Black 4GB RAM 64GB ROM,10/19/2020 19:16
865441042881698,Redmi 8A Dual Sea Blue 3GB RAM 32GB ROM,10/19/2020 19:26
863685057035176,Redmi 9 Carbon Black 4GB RAM 64GB ROM,10/19/2020 20:30
863685058219936,Redmi 9 Sporty Orange 4GB RAM 64GB ROM,10/19/2020 20:34
863118044646475,Redmi Note 9 Pro Interstellar Black 4GB RAM 64GB ROM,10/20/2020 13:23
863685053715599,Redmi 9 Carbon Black 4GB RAM 64GB ROM,10/20/2020 15:42
863685057683355,Redmi 9 Carbon Black 4GB RAM 64GB ROM,10/20/2020 17:34
863540049416895,Mi A3 4GB RAM 64GB ROM Kind Of Grey,10/20/2020 19:04
864782044788196,Redmi Note 9 Pro Interstellar Black 4GB RAM 64GB ROM,10/20/2020 19:24
863118040835338,Redmi Note 9 Pro Aurora Blue 4GB RAM 128GB ROM,10/20/2020 20:26
867250050965204,Redmi 9 Prime Mint Green 4GB RAM 64GB ROM,10/21/2020 10:31
862024059248150,Redmi Note 9 Arctic White 4GB RAM 128GB ROM,10/21/2020 14:52
862024058929396,Redmi Note 9 Arctic White 4GB RAM 128GB ROM,10/21/2020 16:01
863685057657292,Redmi 9 Carbon Black 4GB RAM 64GB ROM,10/21/2020 20:58
864782044695755,Redmi Note 9 Pro Interstellar Black 4GB RAM 64GB ROM,10/21/2020 21:08
862185042399648,Redmi 9A Nature Green 2GB RAM 32GB ROM,10/22/2020 11:42
863118044535074,Redmi Note 9 Pro Champagne Gold 4GB RAM 128GB ROM,10/22/2020 14:35
862024059225091,Redmi Note 9 Arctic White 4GB RAM 128GB ROM,10/22/2020 15:48
864391040161273,Redmi Note 9 Arctic White 4GB RAM 128GB ROM,10/22/2020 15:58
864334055843153,Redmi 8A Dual Sea Blue 3GB RAM 32GB ROM,10/22/2020 16:06
864334055073397,Redmi 8A Dual Sea Blue 3GB RAM 32GB ROM,10/22/2020 16:12
863685059429138,Redmi 9 Sky Blue 4GB RAM 64GB ROM,10/22/2020 16:28
864334055091753,Redmi 8A Dual Sea Blue 3GB RAM 32GB ROM,10/22/2020 16:44
864334055821035,Redmi 8A Dual Sea Blue 3GB RAM 32GB ROM,10/22/2020 16:49
864334055840019,Redmi 8A Dual Sea Blue 3GB RAM 32GB ROM,10/22/2020 16:51
863118048723833,Redmi Note 9 Pro Aurora Blue 4GB RAM 128GB ROM,10/22/2020 20:57
864782044777538,Redmi Note 9 Pro Interstellar Black 4GB RAM 64GB ROM,10/23/2020 17:52
862024059218351,Redmi Note 9 Arctic White 4GB RAM 128GB ROM,10/23/2020 18:57
864334055065336,Redmi 8A Dual Sea Blue 3GB RAM 32GB ROM,10/23/2020 19:03
864391040114736,Redmi Note 9 Pebble Grey 4GB RAM 128GB ROM,10/24/2020 13:51
864391040096917,Redmi Note 9 Pebble Grey 4GB RAM 128GB ROM,10/24/2020 16:57
864391040102434,Redmi Note 9 Pebble Grey 4GB RAM 128GB ROM,10/24/2020 17:05
862024059231099,Redmi Note 9 Arctic White 4GB RAM 128GB ROM,10/24/2020 17:59
862024059240710,Redmi Note 9 Arctic White 4GB RAM 128GB ROM,10/24/2020 18:01
864391040099911,Redmi Note 9 Pebble Grey 4GB RAM 128GB ROM,10/24/2020 18:08
862024058045573,Redmi Note 9 Aqua Green 4GB RAM 128GB ROM,10/24/2020 18:09
865441042522052,Redmi 8A Dual Sky White 3GB RAM 32GB ROM,10/25/2020 17:17
865650052302243,Redmi 9A Midnight Black 3GB RAM 32GB ROM,10/25/2020 18:19
863540049402119,Mi A3 4GB RAM 64GB ROM Kind Of Grey,10/26/2020 12:55
862921048701050,Redmi Note 9 Pro Aurora Blue 4GB RAM 64GB ROM,10/26/2020 15:58
864391040082115,Redmi Note 9 Pebble Grey 4GB RAM 128GB ROM,10/26/2020 17:25
862024058502219,Redmi Note 9 Pebble Grey 4GB RAM 128GB ROM,10/26/2020 17:28
864782043817574,Redmi Note 9 Pro Interstellar Black 4GB RAM 128GB ROM,10/26/2020 18:14
864264055794454,Redmi 8A Dual Sky White 3GB RAM 64GB ROM,10/26/2020 18:14
863118044406490,Redmi Note 9 Pro Aurora Blue 4GB RAM 128GB ROM,10/26/2020 18:20
864264054951519,Redmi 8A Dual Sea Blue 3GB RAM 64GB ROM,10/26/2020 18:21
863118044576037,Redmi Note 9 Pro Champagne Gold 4GB RAM 128GB ROM,10/26/2020 18:54
862024057969138,Redmi Note 9 Aqua Green 4GB RAM 128GB ROM,10/26/2020 18:54
867936046727027,Redmi 9i Midnight Black 4GB RAM 128GB ROM,10/26/2020 18:58
863349042649779,Redmi 8A Dual Sky White 3GB RAM 64GB ROM,10/26/2020 19:00
864391040072595,Redmi Note 9 Pebble Grey 4GB RAM 128GB ROM,10/26/2020 19:01
862024059187879,Redmi Note 9 Arctic White 4GB RAM 128GB ROM,10/26/2020 19:32
862024058506731,Redmi Note 9 Pebble Grey 4GB RAM 128GB ROM,10/26/2020 19:32
863118048672477,Redmi Note 9 Pro Aurora Blue 4GB RAM 128GB ROM,10/26/2020 19:38
867936046646086,Redmi 9i Midnight Black 4GB RAM 128GB ROM,10/26/2020 19:38
864391040163279,Redmi Note 9 Arctic White 4GB RAM 128GB ROM,10/26/2020 21:18
868448041125933,Redmi Note 9 Pro Max Champagne Gold 6GB RAM 64GB ROM,10/27/2020 17:26
868448044592493,Redmi Note 9 Pro Max Interstellar Black 6GB RAM 64GB ROM,10/27/2020 19:14
865528052767070,Redmi Note 9 Pro Max Aurora Blue 6GB RAM 64GB ROM,10/28/2020 11:05
868448044666719,Redmi Note 9 Pro Max Interstellar Black 6GB RAM 64GB ROM,10/28/2020 16:07
862024059238219,Redmi Note 9 Arctic White 4GB RAM 128GB ROM,10/28/2020 18:08
862024057982834,Redmi Note 9 Aqua Green 4GB RAM 128GB ROM,10/28/2020 18:08
862024058432797,Redmi Note 9 Pebble Grey 4GB RAM 128GB ROM,10/28/2020 19:08
862024057355452,Redmi Note 9 Aqua Green 4GB RAM 128GB ROM,10/28/2020 19:09
862024058039279,Redmi Note 9 Aqua Green 4GB RAM 128GB ROM,10/28/2020 19:36
862024059252913,Redmi Note 9 Arctic White 4GB RAM 128GB ROM,10/28/2020 19:37
864391040111757,Redmi Note 9 Pebble Grey 4GB RAM 128GB ROM,10/28/2020 19:39
865528054807411,Redmi Note 9 Pro Max Aurora Blue 6GB RAM 64GB ROM,10/30/2020 13:34
868269041882913,Redmi Note 8 Neptune Blue 4GB RAM 64GB ROM,10/30/2020 17:07
861258044196667,Redmi Note 9 Aqua Green 4GB RAM 64GB ROM,10/30/2020 19:12
865650052178627,Redmi 9A Midnight Black 3GB RAM 32GB ROM,11/2/2020 17:31
865650052125883,Redmi 9A Midnight Black 3GB RAM 32GB ROM,11/2/2020 17:33
865650052178825,Redmi 9A Midnight Black 3GB RAM 32GB ROM,11/2/2020 17:38
865650052126063,Redmi 9A Midnight Black 3GB RAM 32GB ROM,11/2/2020 17:47
865650052130669,Redmi 9A Midnight Black 3GB RAM 32GB ROM,11/2/2020 17:53
865650052166267,Redmi 9A Midnight Black 3GB RAM 32GB ROM,11/2/2020 17:56
865650052289622,Redmi 9A Midnight Black 3GB RAM 32GB ROM,11/2/2020 17:57
865650052175664,Redmi 9A Midnight Black 3GB RAM 32GB ROM,11/2/2020 18:07
865650052181621,Redmi 9A Midnight Black 3GB RAM 32GB ROM,11/2/2020 18:09
865650052121809,Redmi 9A Midnight Black 3GB RAM 32GB ROM,11/2/2020 18:12
865650052179989,Redmi 9A Midnight Black 3GB RAM 32GB ROM,11/2/2020 18:15
865650052166986,Redmi 9A Midnight Black 3GB RAM 32GB ROM,11/2/2020 18:19
865650052281702,Redmi 9A Midnight Black 3GB RAM 32GB ROM,11/2/2020 18:26
865650052276769,Redmi 9A Midnight Black 3GB RAM 32GB ROM,11/2/2020 18:26
865650052292287,Redmi 9A Midnight Black 3GB RAM 32GB ROM,11/2/2020 18:33
865650052178809,Redmi 9A Midnight Black 3GB RAM 32GB ROM,11/2/2020 18:44
865650052285042,Redmi 9A Midnight Black 3GB RAM 32GB ROM,11/2/2020 18:44
865650052129422,Redmi 9A Midnight Black 3GB RAM 32GB ROM,11/2/2020 18:48
862228050288277,Redmi 9 Sky Blue 4GB RAM 64GB ROM,11/2/2020 18:56
862228050300254,Redmi 9 Sky Blue 4GB RAM 64GB ROM,11/2/2020 19:03
865650052177165,Redmi 9A Midnight Black 3GB RAM 32GB ROM,11/2/2020 19:06
862228050303993,Redmi 9 Sky Blue 4GB RAM 64GB ROM,11/2/2020 19:11
865650052176761,Redmi 9A Midnight Black 3GB RAM 32GB ROM,11/2/2020 19:16
862228050325012,Redmi 9 Sky Blue 4GB RAM 64GB ROM,11/2/2020 19:16
862228050305394,Redmi 9 Sky Blue 4GB RAM 64GB ROM,11/2/2020 19:17
862228050266034,Redmi 9 Sky Blue 4GB RAM 64GB ROM,11/2/2020 19:22
862228050314818,Redmi 9 Sky Blue 4GB RAM 64GB ROM,11/2/2020 19:30
862228050306715,Redmi 9 Sky Blue 4GB RAM 64GB ROM,11/2/2020 19:36
862543049915073,Redmi 9 Sky Blue 4GB RAM 64GB ROM,11/2/2020 19:43
862228050305717,Redmi 9 Sky Blue 4GB RAM 64GB ROM,11/2/2020 19:56
862228050301591,Redmi 9 Sky Blue 4GB RAM 64GB ROM,11/2/2020 19:56
862543044289912,Redmi 9 Sky Blue 4GB RAM 64GB ROM,11/2/2020 20:00
862543044437834,Redmi 9 Sky Blue 4GB RAM 64GB ROM,11/2/2020 20:07
862543044324230,Redmi 9 Sky Blue 4GB RAM 64GB ROM,11/2/2020 20:10
862228050327034,Redmi 9 Sky Blue 4GB RAM 64GB ROM,11/2/2020 20:17
862543044410476,Redmi 9 Sky Blue 4GB RAM 64GB ROM,11/2/2020 20:22
862543044453377,Redmi 9 Sky Blue 4GB RAM 64GB ROM,11/2/2020 20:28
862851050484982,Redmi 9A Sea Blue 2GB RAM 32GB ROM,11/3/2020 8:56
865650050028600,Redmi 9A Nature Green 3GB RAM 32GB ROM,11/3/2020 14:10
865650050054143,Redmi 9A Nature Green 3GB RAM 32GB ROM,11/3/2020 14:14
865650050112461,Redmi 9A Nature Green 3GB RAM 32GB ROM,11/3/2020 14:21
865650050056007,Redmi 9A Nature Green 3GB RAM 32GB ROM,11/3/2020 14:22
865650050047923,Redmi 9A Nature Green 3GB RAM 32GB ROM,11/3/2020 14:25
865650050120589,Redmi 9A Nature Green 3GB RAM 32GB ROM,11/3/2020 14:26
865650050053905,Redmi 9A Nature Green 3GB RAM 32GB ROM,11/3/2020 14:34
865650050026380,Redmi 9A Nature Green 3GB RAM 32GB ROM,11/3/2020 14:34
863118048735316,Redmi Note 9 Pro Aurora Blue 4GB RAM 128GB ROM,11/3/2020 14:35
865650050025903,Redmi 9A Nature Green 3GB RAM 32GB ROM,11/3/2020 14:40
861614051218358,Redmi 8A Dual Sea Blue 2GB RAM 32GB ROM,11/3/2020 16:45
862228050301294,Redmi 9 Sky Blue 4GB RAM 64GB ROM,11/3/2020 16:50
862228050302052,Redmi 9 Sky Blue 4GB RAM 64GB ROM,11/3/2020 16:52
862228050274715,Redmi 9 Sky Blue 4GB RAM 64GB ROM,11/3/2020 16:53
862228050173255,Redmi 9 Sky Blue 4GB RAM 64GB ROM,11/3/2020 16:59
862228050278633,Redmi 9 Sky Blue 4GB RAM 64GB ROM,11/3/2020 17:04
861614051215776,Redmi 8A Dual Sea Blue 2GB RAM 32GB ROM,11/3/2020 17:07
862228050289358,Redmi 9 Sky Blue 4GB RAM 64GB ROM,11/3/2020 17:08
861614051237291,Redmi 8A Dual Sea Blue 2GB RAM 32GB ROM,11/3/2020 17:11
864334057232694,Redmi 8A Dual Sea Blue 2GB RAM 32GB ROM,11/3/2020 17:15
862228050219371,Redmi 9 Sky Blue 4GB RAM 64GB ROM,11/3/2020 17:18
862228050297799,Redmi 9 Sky Blue 4GB RAM 64GB ROM,11/3/2020 17:22
864334057242354,Redmi 8A Dual Sea Blue 2GB RAM 32GB ROM,11/3/2020 17:22
862228050309776,Redmi 9 Sky Blue 4GB RAM 64GB ROM,11/3/2020 17:26
862228050293210,Redmi 9 Sky Blue 4GB RAM 64GB ROM,11/3/2020 17:30
862228050301278,Redmi 9 Sky Blue 4GB RAM 64GB ROM,11/3/2020 17:32
862228050246036,Redmi 9 Sky Blue 4GB RAM 64GB ROM,11/3/2020 17:32
862228050268212,Redmi 9 Sky Blue 4GB RAM 64GB ROM,11/3/2020 17:39
862228050326853,Redmi 9 Sky Blue 4GB RAM 64GB ROM,11/3/2020 17:40
862228050282098,Redmi 9 Sky Blue 4GB RAM 64GB ROM,11/3/2020 17:45
862228050293632,Redmi 9 Sky Blue 4GB RAM 64GB ROM,11/3/2020 17:48
862228050303597,Redmi 9 Sky Blue 4GB RAM 64GB ROM,11/3/2020 17:52
862228050256118,Redmi 9 Sky Blue 4GB RAM 64GB ROM,11/3/2020 17:53
865650050047162,Redmi 9A Nature Green 3GB RAM 32GB ROM,11/3/2020 17:58
862543049025998,Redmi 9 Sky Blue 4GB RAM 64GB ROM,11/3/2020 17:59
862228050284359,Redmi 9 Sky Blue 4GB RAM 64GB ROM,11/3/2020 18:00
862228050264377,Redmi 9 Sky Blue 4GB RAM 64GB ROM,11/3/2020 18:06
862228050311111,Redmi 9 Sky Blue 4GB RAM 64GB ROM,11/3/2020 18:06
864264055170713,Redmi 8A Dual Sea Blue 3GB RAM 64GB ROM,11/3/2020 18:15
862228050303696,Redmi 9 Sky Blue 4GB RAM 64GB ROM,11/3/2020 18:16
864264055784810,Redmi 8A Dual Sky White 3GB RAM 64GB ROM,11/3/2020 18:18
864264055185158,Redmi 8A Dual Sea Blue 3GB RAM 64GB ROM,11/3/2020 18:21
862228050218654,Redmi 9 Sky Blue 4GB RAM 64GB ROM,11/3/2020 18:24
862228050324817,Redmi 9 Sky Blue 4GB RAM 64GB ROM,11/3/2020 19:41
862228050268196,Redmi 9 Sky Blue 4GB RAM 64GB ROM,11/4/2020 6:45
865528052709072,Redmi Note 9 Pro Max Aurora Blue 6GB RAM 64GB ROM,11/4/2020 16:15
863685059535090,Redmi 9 Sky Blue 4GB RAM 64GB ROM,11/4/2020 19:35
865447044325618,Redmi Note 9 Pro Max Interstellar Black 6GB RAM 64GB ROM,11/5/2020 13:32
867476043192891,Redmi 9 Sky Blue 4GB RAM 64GB ROM,11/5/2020 14:33
867476043006679,Redmi 9 Sky Blue 4GB RAM 64GB ROM,11/5/2020 14:40
867476042916530,Redmi 9 Sky Blue 4GB RAM 64GB ROM,11/5/2020 14:42
867476043201890,Redmi 9 Sky Blue 4GB RAM 64GB ROM,11/5/2020 14:46
867476043264237,Redmi 9 Sky Blue 4GB RAM 64GB ROM,11/5/2020 14:48
867476043275290,Redmi 9 Sky Blue 4GB RAM 64GB ROM,11/5/2020 14:49
862851050266124,Redmi 9A Sea Blue 2GB RAM 32GB ROM,11/5/2020 14:50
867476043308018,Redmi 9 Sky Blue 4GB RAM 64GB ROM,11/5/2020 14:53
867476043117179,Redmi 9 Sky Blue 4GB RAM 64GB ROM,11/5/2020 14:54
867476043326358,Redmi 9 Sky Blue 4GB RAM 64GB ROM,11/5/2020 14:58
867476043327455,Redmi 9 Sky Blue 4GB RAM 64GB ROM,11/5/2020 15:02
867476043164411,Redmi 9 Sky Blue 4GB RAM 64GB ROM,11/5/2020 15:06
867476043254634,Redmi 9 Sky Blue 4GB RAM 64GB ROM,11/5/2020 15:08
867476043307457,Redmi 9 Sky Blue 4GB RAM 64GB ROM,11/5/2020 15:10
864334057251918,Redmi 8A Dual Sea Blue 2GB RAM 32GB ROM,11/5/2020 16:51
861614052731557,Redmi 8A Dual Midnight Grey 2GB RAM 32GB ROM,11/5/2020 16:51
861614051263677,Redmi 8A Dual Sea Blue 2GB RAM 32GB ROM,11/5/2020 16:58
861614052691090,Redmi 8A Dual Midnight Grey 2GB RAM 32GB ROM,11/5/2020 17:15
861614051242713,Redmi 8A Dual Sea Blue 2GB RAM 32GB ROM,11/5/2020 17:16
861614052685431,Redmi 8A Dual Midnight Grey 2GB RAM 32GB ROM,11/5/2020 17:18
861614052726755,Redmi 8A Dual Midnight Grey 2GB RAM 32GB ROM,11/5/2020 17:22
861614052716251,Redmi 8A Dual Midnight Grey 2GB RAM 32GB ROM,11/5/2020 17:22
861614051001390,Redmi 8A Dual Sea Blue 2GB RAM 32GB ROM,11/5/2020 17:24
861614052647019,Redmi 8A Dual Midnight Grey 2GB RAM 32GB ROM,11/5/2020 17:29
861614052724990,Redmi 8A Dual Midnight Grey 2GB RAM 32GB ROM,11/5/2020 17:33
861614051255459,Redmi 8A Dual Sea Blue 2GB RAM 32GB ROM,11/5/2020 17:35
861614051231930,Redmi 8A Dual Sea Blue 2GB RAM 32GB ROM,11/5/2020 17:40
861614051214654,Redmi 8A Dual Sea Blue 2GB RAM 32GB ROM,11/5/2020 17:45
864391045040936,Redmi Note 9 Pebble Grey 4GB RAM 64GB ROM,11/5/2020 19:01
864391045066113,Redmi Note 9 Pebble Grey 4GB RAM 64GB ROM,11/5/2020 19:05
864391045039011,Redmi Note 9 Pebble Grey 4GB RAM 64GB ROM,11/5/2020 19:08
864391045049796,Redmi Note 9 Pebble Grey 4GB RAM 64GB ROM,11/5/2020 19:09
864391045042593,Redmi Note 9 Pebble Grey 4GB RAM 64GB ROM,11/5/2020 19:14
864391045068192,Redmi Note 9 Pebble Grey 4GB RAM 64GB ROM,11/5/2020 19:18
867473040317290,Redmi 8A Dual Sea Blue 3GB RAM 64GB ROM,11/6/2020 19:24
863349042797271,Redmi 8A Dual Sky White 3GB RAM 64GB ROM,11/6/2020 19:57
868448044629170,Redmi Note 9 Pro Max Interstellar Black 6GB RAM 64GB ROM,11/6/2020 20:51
864474046426732,Redmi 8A Dual Sky White 3GB RAM 32GB ROM,11/7/2020 10:33
862228053046417,Redmi 9 Sky Blue 4GB RAM 64GB ROM,11/7/2020 13:43
862228053092494,Redmi 9 Sky Blue 4GB RAM 64GB ROM,11/7/2020 13:48
862228052109570,Redmi 9 Sky Blue 4GB RAM 64GB ROM,11/7/2020 13:59
862228053092817,Redmi 9 Sky Blue 4GB RAM 64GB ROM,11/7/2020 14:13
862228053097717,Redmi 9 Sky Blue 4GB RAM 64GB ROM,11/7/2020 14:13
862228053111898,Redmi 9 Sky Blue 4GB RAM 64GB ROM,11/7/2020 14:17
862228053104513,Redmi 9 Sky Blue 4GB RAM 64GB ROM,11/7/2020 14:26
862228053072553,Redmi 9 Sky Blue 4GB RAM 64GB ROM,11/7/2020 14:34
862228053104315,Redmi 9 Sky Blue 4GB RAM 64GB ROM,11/7/2020 14:37
862228052169814,Redmi 9 Sky Blue 4GB RAM 64GB ROM,11/7/2020 14:38
863685050238058,Redmi 9 Sky Blue 4GB RAM 64GB ROM,11/7/2020 14:39
862228053114132,Redmi 9 Sky Blue 4GB RAM 64GB ROM,11/7/2020 14:53
862228053065292,Redmi 9 Sky Blue 4GB RAM 64GB ROM,11/7/2020 15:00
862228053062133,Redmi 9 Sky Blue 4GB RAM 64GB ROM,11/7/2020 15:12
862228050331697,Redmi 9 Sky Blue 4GB RAM 64GB ROM,11/7/2020 15:12
865650051871446,Redmi 9A Midnight Black 3GB RAM 32GB ROM,11/7/2020 16:08
865650051696587,Redmi 9A Midnight Black 3GB RAM 32GB ROM,11/7/2020 16:11
865650050050422,Redmi 9A Nature Green 3GB RAM 32GB ROM,11/7/2020 16:29
865650051584189,Redmi 9A Midnight Black 3GB RAM 32GB ROM,11/7/2020 16:30
865650051758668,Redmi 9A Midnight Black 3GB RAM 32GB ROM,11/7/2020 16:34
865650051761084,Redmi 9A Midnight Black 3GB RAM 32GB ROM,11/7/2020 16:38
865650050129184,Redmi 9A Nature Green 3GB RAM 32GB ROM,11/7/2020 16:41
865650051688683,Redmi 9A Midnight Black 3GB RAM 32GB ROM,11/7/2020 16:51
865650050112784,Redmi 9A Nature Green 3GB RAM 32GB ROM,11/7/2020 16:53
865650050112644,Redmi 9A Nature Green 3GB RAM 32GB ROM,11/7/2020 17:00
867476043435514,Redmi 9 Sky Blue 4GB RAM 64GB ROM,11/7/2020 17:22
867476043492176,Redmi 9 Sky Blue 4GB RAM 64GB ROM,11/7/2020 17:34
867476043433790,Redmi 9 Sky Blue 4GB RAM 64GB ROM,11/7/2020 17:38
867476043338171,Redmi 9 Sky Blue 4GB RAM 64GB ROM,11/7/2020 17:41
867476043434012,Redmi 9 Sky Blue 4GB RAM 64GB ROM,11/7/2020 17:45
867476043433998,Redmi 9 Sky Blue 4GB RAM 64GB ROM,11/7/2020 17:45
867476043506975,Redmi 9 Sky Blue 4GB RAM 64GB ROM,11/7/2020 17:51
867476043498751,Redmi 9 Sky Blue 4GB RAM 64GB ROM,11/7/2020 17:56
867476043431653,Redmi 9 Sky Blue 4GB RAM 64GB ROM,11/7/2020 18:01
867476043501034,Redmi 9 Sky Blue 4GB RAM 64GB ROM,11/7/2020 18:02
867476043497076,Redmi 9 Sky Blue 4GB RAM 64GB ROM,11/7/2020 18:05
867476043510811,Redmi 9 Sky Blue 4GB RAM 64GB ROM,11/7/2020 18:07
867476043349632,Redmi 9 Sky Blue 4GB RAM 64GB ROM,11/7/2020 18:13
867476043516438,Redmi 9 Sky Blue 4GB RAM 64GB ROM,11/7/2020 18:13
867476043314214,Redmi 9 Sky Blue 4GB RAM 64GB ROM,11/7/2020 18:19
867476043504137,Redmi 9 Sky Blue 4GB RAM 64GB ROM,11/7/2020 18:23
867476043514151,Redmi 9 Sky Blue 4GB RAM 64GB ROM,11/7/2020 18:30
867476043080237,Redmi 9 Sky Blue 4GB RAM 64GB ROM,11/7/2020 18:34
867476043352032,Redmi 9 Sky Blue 4GB RAM 64GB ROM,11/7/2020 18:39
867617052353235,Redmi 9i Sea Blue 4GB RAM 64GB ROM,11/7/2020 20:04
867617052410852,Redmi 9i Sea Blue 4GB RAM 64GB ROM,11/7/2020 20:04
867617052463018,Redmi 9i Sea Blue 4GB RAM 64GB ROM,11/7/2020 20:12
862851050455115,Redmi 9A Sea Blue 2GB RAM 32GB ROM,11/7/2020 20:20
867617052368654,Redmi 9i Sea Blue 4GB RAM 64GB ROM,11/7/2020 20:21
867476043507296,Redmi 9 Sky Blue 4GB RAM 64GB ROM,11/8/2020 14:13
862228053124230,Redmi 9 Sky Blue 4GB RAM 64GB ROM,11/8/2020 14:22
863118048824516,Redmi Note 9 Pro Aurora Blue 4GB RAM 128GB ROM,11/8/2020 19:57
862228053109199,Redmi 9 Sky Blue 4GB RAM 64GB ROM,11/8/2020 20:06
864701050267416,Mi 10T Pro Cosmic Black 8GB RAM 128GB ROM,11/9/2020 16:45
865715044586953,Redmi Note 9 Pro Aurora Blue 4GB RAM 64GB ROM,11/10/2020 12:18
865715044574595,Redmi Note 9 Pro Aurora Blue 4GB RAM 64GB ROM,11/10/2020 12:54
867476043491038,Redmi 9 Sky Blue 4GB RAM 64GB ROM,11/10/2020 14:24
867476043488554,Redmi 9 Sky Blue 4GB RAM 64GB ROM,11/10/2020 14:35
862543045939317,Redmi 9 Sky Blue 4GB RAM 64GB ROM,11/10/2020 14:36
862543045965171,Redmi 9 Sky Blue 4GB RAM 64GB ROM,11/10/2020 14:46
867476043491137,Redmi 9 Sky Blue 4GB RAM 64GB ROM,11/10/2020 15:05
867476043246614,Redmi 9 Sky Blue 4GB RAM 64GB ROM,11/10/2020 15:14
862543045962392,Redmi 9 Sky Blue 4GB RAM 64GB ROM,11/10/2020 15:35
867476043325574,Redmi 9 Sky Blue 4GB RAM 64GB ROM,11/10/2020 15:36
867476043251952,Redmi 9 Sky Blue 4GB RAM 64GB ROM,11/10/2020 15:48
867476043504798,Redmi 9 Sky Blue 4GB RAM 64GB ROM,11/10/2020 15:56
867476043498512,Redmi 9 Sky Blue 4GB RAM 64GB ROM,11/10/2020 16:12
867476043496912,Redmi 9 Sky Blue 4GB RAM 64GB ROM,11/10/2020 16:14
867476043488497,Redmi 9 Sky Blue 4GB RAM 64GB ROM,11/10/2020 16:26
867476043495377,Redmi 9 Sky Blue 4GB RAM 64GB ROM,11/10/2020 16:35
862543045949456,Redmi 9 Sky Blue 4GB RAM 64GB ROM,11/10/2020 16:48
865715044583778,Redmi Note 9 Pro Glacier White 4GB RAM 64GB ROM,11/10/2020 17:11
865715044581897,Redmi Note 9 Pro Glacier White 4GB RAM 64GB ROM,11/10/2020 17:16
860377044433622,Redmi Note 9 Aqua Green 4GB RAM 64GB ROM,11/10/2020 20:01
860377044475680,Redmi Note 9 Aqua Green 4GB RAM 64GB ROM,11/10/2020 20:06
860377043926246,Redmi Note 9 Aqua Green 4GB RAM 64GB ROM,11/10/2020 20:10
860377044438746,Redmi Note 9 Aqua Green 4GB RAM 64GB ROM,11/10/2020 20:20
868559047648379,Redmi Y3 4GB RAM 64GB ROM Elegant Blue,11/11/2020 12:40
862228053785378,Redmi 9 Sky Blue 4GB RAM 64GB ROM,11/11/2020 15:57
862228053788810,Redmi 9 Sky Blue 4GB RAM 64GB ROM,11/11/2020 16:04
862228053804237,Redmi 9 Sky Blue 4GB RAM 64GB ROM,11/11/2020 16:07
862228053769638,Redmi 9 Sky Blue 4GB RAM 64GB ROM,11/11/2020 16:12
862228053771014,Redmi 9 Sky Blue 4GB RAM 64GB ROM,11/11/2020 16:12
862228053788059,Redmi 9 Sky Blue 4GB RAM 64GB ROM,11/11/2020 16:19
862228053772079,Redmi 9 Sky Blue 4GB RAM 64GB ROM,11/11/2020 16:24
862228053796078,Redmi 9 Sky Blue 4GB RAM 64GB ROM,11/11/2020 16:39
862228053740597,Redmi 9 Sky Blue 4GB RAM 64GB ROM,11/11/2020 16:49
862228053799577,Redmi 9 Sky Blue 4GB RAM 64GB ROM,11/11/2020 16:54
862228053789412,Redmi 9 Sky Blue 4GB RAM 64GB ROM,11/11/2020 16:59
865528054801752,Redmi Note 9 Pro Max Aurora Blue 6GB RAM 64GB ROM,11/11/2020 17:10
862228053803650,Redmi 9 Sky Blue 4GB RAM 64GB ROM,11/11/2020 17:15
862228053732693,Redmi 9 Sky Blue 4GB RAM 64GB ROM,11/11/2020 17:21
862228053786053,Redmi 9 Sky Blue 4GB RAM 64GB ROM,11/11/2020 17:26
862543045938996,Redmi 9 Sky Blue 4GB RAM 64GB ROM,11/11/2020 17:31
862228053782235,Redmi 9 Sky Blue 4GB RAM 64GB ROM,11/11/2020 17:32
862228053793497,Redmi 9 Sky Blue 4GB RAM 64GB ROM,11/11/2020 17:41
862228053799056,Redmi 9 Sky Blue 4GB RAM 64GB ROM,11/11/2020 17:46
862228053198317,Redmi 9 Sky Blue 4GB RAM 64GB ROM,11/11/2020 17:53
862228053758714,Redmi 9 Sky Blue 4GB RAM 64GB ROM,11/11/2020 17:55
865650051912828,Redmi 9A Midnight Black 3GB RAM 32GB ROM,11/11/2020 18:09
865650052171283,Redmi 9A Midnight Black 3GB RAM 32GB ROM,11/11/2020 18:14
865650053344681,Redmi 9A Sea Blue 3GB RAM 32GB ROM,11/11/2020 18:20
865650053085144,Redmi 9A Sea Blue 3GB RAM 32GB ROM,11/11/2020 18:20
867555052172694,Redmi 9A Sea Blue 3GB RAM 32GB ROM,11/11/2020 18:37
865650053080202,Redmi 9A Sea Blue 3GB RAM 32GB ROM,11/11/2020 18:42
865650052655723,Redmi 9A Sea Blue 3GB RAM 32GB ROM,11/11/2020 18:55
865650052175441,Redmi 9A Midnight Black 3GB RAM 32GB ROM,11/11/2020 19:04
865650053305088,Redmi 9A Sea Blue 3GB RAM 32GB ROM,11/11/2020 19:12
865650053057861,Redmi 9A Sea Blue 3GB RAM 32GB ROM,11/11/2020 19:22
865650051912224,Redmi 9A Midnight Black 3GB RAM 32GB ROM,11/11/2020 19:24
865650052078926,Redmi 9A Midnight Black 3GB RAM 32GB ROM,11/11/2020 19:28
865650052110422,Redmi 9A Midnight Black 3GB RAM 32GB ROM,11/11/2020 19:29
865650052278369,Redmi 9A Midnight Black 3GB RAM 32GB ROM,11/11/2020 19:37
865650052161144,Redmi 9A Midnight Black 3GB RAM 32GB ROM,11/11/2020 19:38
867476043184096,Redmi 9 Sky Blue 4GB RAM 64GB ROM,11/11/2020 19:47
867476043179476,Redmi 9 Sky Blue 4GB RAM 64GB ROM,11/11/2020 19:49
865650052095920,Redmi 9A Midnight Black 3GB RAM 32GB ROM,11/11/2020 19:49
867476043185770,Redmi 9 Sky Blue 4GB RAM 64GB ROM,11/11/2020 19:55
865650052076441,Redmi 9A Midnight Black 3GB RAM 32GB ROM,11/11/2020 19:55
865650052107246,Redmi 9A Midnight Black 3GB RAM 32GB ROM,11/11/2020 20:00
862228053770396,Redmi 9 Sky Blue 4GB RAM 64GB ROM,11/11/2020 20:02
865650052171325,Redmi 9A Midnight Black 3GB RAM 32GB ROM,11/11/2020 20:06
867476043166911,Redmi 9 Sky Blue 4GB RAM 64GB ROM,11/11/2020 20:07
865650052176506,Redmi 9A Midnight Black 3GB RAM 32GB ROM,11/11/2020 20:11
865650052242407,Redmi 9A Midnight Black 3GB RAM 32GB ROM,11/11/2020 20:15
865650052296882,Redmi 9A Midnight Black 3GB RAM 32GB ROM,11/11/2020 20:16
862228053203935,Redmi 9 Sky Blue 4GB RAM 64GB ROM,11/11/2020 20:43
862228053544833,Redmi 9 Sky Blue 4GB RAM 64GB ROM,11/11/2020 20:46
862228053521617,Redmi 9 Sky Blue 4GB RAM 64GB ROM,11/11/2020 20:47
862228053542134,Redmi 9 Sky Blue 4GB RAM 64GB ROM,11/11/2020 20:49
862228053535252,Redmi 9 Sky Blue 4GB RAM 64GB ROM,11/11/2020 20:52
862228053531095,Redmi 9 Sky Blue 4GB RAM 64GB ROM,11/11/2020 20:54
862228053525832,Redmi 9 Sky Blue 4GB RAM 64GB ROM,11/11/2020 20:57
862228053534537,Redmi 9 Sky Blue 4GB RAM 64GB ROM,11/11/2020 20:59
862228053514216,Redmi 9 Sky Blue 4GB RAM 64GB ROM,11/11/2020 21:01
862228053539635,Redmi 9 Sky Blue 4GB RAM 64GB ROM,11/11/2020 21:05
867250059917024,Redmi 9 Prime Space Blue 4GB RAM 64GB ROM,11/11/2020 21:14
862228053542076,Redmi 9 Sky Blue 4GB RAM 64GB ROM,11/12/2020 11:37
862228052626979,Redmi 9 Sky Blue 4GB RAM 64GB ROM,11/12/2020 11:46
862228053462036,Redmi 9 Sky Blue 4GB RAM 64GB ROM,11/12/2020 11:46
862228053535815,Redmi 9 Sky Blue 4GB RAM 64GB ROM,11/12/2020 11:50
862228053538595,Redmi 9 Sky Blue 4GB RAM 64GB ROM,11/12/2020 11:51
862851055341567,Redmi 9A Nature Green 2GB RAM 32GB ROM,11/12/2020 12:26
862228053520171,Redmi 9 Sky Blue 4GB RAM 64GB ROM,11/12/2020 12:42
862228053527937,Redmi 9 Sky Blue 4GB RAM 64GB ROM,11/12/2020 12:43
862228053543991,Redmi 9 Sky Blue 4GB RAM 64GB ROM,11/12/2020 13:02
862228053514810,Redmi 9 Sky Blue 4GB RAM 64GB ROM,11/12/2020 14:34
862228053533794,Redmi 9 Sky Blue 4GB RAM 64GB ROM,11/12/2020 14:38
865650051782585,Redmi 9A Midnight Black 3GB RAM 32GB ROM,11/12/2020 15:05
865650051837207,Redmi 9A Midnight Black 3GB RAM 32GB ROM,11/12/2020 15:06
865650051601769,Redmi 9A Midnight Black 3GB RAM 32GB ROM,11/12/2020 15:34
865650051924088,Redmi 9A Midnight Black 3GB RAM 32GB ROM,11/12/2020 15:38
865650051929822,Redmi 9A Midnight Black 3GB RAM 32GB ROM,11/12/2020 15:48
862024056669812,Redmi Note 9 Aqua Green 4GB RAM 128GB ROM,11/12/2020 15:49
865650051846307,Redmi 9A Midnight Black 3GB RAM 32GB ROM,11/12/2020 15:49
865650051928188,Redmi 9A Midnight Black 3GB RAM 32GB ROM,11/12/2020 15:52
865650051777486,Redmi 9A Midnight Black 3GB RAM 32GB ROM,11/12/2020 15:52
862851050742439,Redmi 9A Sea Blue 2GB RAM 32GB ROM,11/12/2020 16:04
860377044449461,Redmi Note 9 Aqua Green 4GB RAM 64GB ROM,11/12/2020 16:04
860377044429620,Redmi Note 9 Aqua Green 4GB RAM 64GB ROM,11/12/2020 16:09
862851050281826,Redmi 9A Sea Blue 2GB RAM 32GB ROM,11/12/2020 16:10
865650051759146,Redmi 9A Midnight Black 3GB RAM 32GB ROM,11/12/2020 16:14
862851054994804,Redmi 9A Nature Green 2GB RAM 32GB ROM,11/12/2020 16:15
865650051759369,Redmi 9A Midnight Black 3GB RAM 32GB ROM,11/12/2020 16:21
865650051612949,Redmi 9A Midnight Black 3GB RAM 32GB ROM,11/12/2020 16:25
865650051767586,Redmi 9A Midnight Black 3GB RAM 32GB ROM,11/12/2020 16:26
862851050811226,Redmi 9A Sea Blue 2GB RAM 32GB ROM,11/12/2020 16:29
865650051871305,Redmi 9A Midnight Black 3GB RAM 32GB ROM,11/12/2020 16:36
865650051783021,Redmi 9A Midnight Black 3GB RAM 32GB ROM,11/12/2020 16:42
860377044453026,Redmi Note 9 Aqua Green 4GB RAM 64GB ROM,11/12/2020 16:52
862851055231693,Redmi 9A Nature Green 2GB RAM 32GB ROM,11/12/2020 17:00
865650051777908,Redmi 9A Midnight Black 3GB RAM 32GB ROM,11/12/2020 17:04
862851050725913,Redmi 9A Sea Blue 2GB RAM 32GB ROM,11/12/2020 17:11
865528052466517,Redmi Note 9 Pro Max Champagne Gold 6GB RAM 64GB ROM,11/12/2020 17:36
867476043695075,Redmi 9 Sky Blue 4GB RAM 64GB ROM,11/12/2020 17:39
867476043966435,Redmi 9 Sky Blue 4GB RAM 64GB ROM,11/12/2020 17:40
867476043645971,Redmi 9 Sky Blue 4GB RAM 64GB ROM,11/12/2020 17:42
867476043672413,Redmi 9 Sky Blue 4GB RAM 64GB ROM,11/12/2020 17:43
862228053089193,Redmi 9 Sky Blue 4GB RAM 64GB ROM,11/12/2020 17:44
867476043682412,Redmi 9 Sky Blue 4GB RAM 64GB ROM,11/12/2020 17:46
867476044044877,Redmi 9 Sky Blue 4GB RAM 64GB ROM,11/12/2020 17:46
867476043651193,Redmi 9 Sky Blue 4GB RAM 64GB ROM,11/12/2020 17:51
867476043664055,Redmi 9 Sky Blue 4GB RAM 64GB ROM,11/12/2020 17:51
867476043653116,Redmi 9 Sky Blue 4GB RAM 64GB ROM,11/12/2020 17:55
863118043071956,Redmi Note 9 Pro Champagne Gold 4GB RAM 128GB ROM,11/12/2020 17:55
867476043664253,Redmi 9 Sky Blue 4GB RAM 64GB ROM,11/12/2020 17:55
867476043656432,Redmi 9 Sky Blue 4GB RAM 64GB ROM,11/12/2020 18:03
867476043660095,Redmi 9 Sky Blue 4GB RAM 64GB ROM,11/12/2020 18:04
867476044040214,Redmi 9 Sky Blue 4GB RAM 64GB ROM,11/12/2020 18:05
867476043976459,Redmi 9 Sky Blue 4GB RAM 64GB ROM,11/12/2020 18:05
867476043490790,Redmi 9 Sky Blue 4GB RAM 64GB ROM,11/12/2020 18:08
867476044105033,Redmi 9 Sky Blue 4GB RAM 64GB ROM,11/12/2020 18:10
867476043637333,Redmi 9 Sky Blue 4GB RAM 64GB ROM,11/12/2020 18:11
867476043682677,Redmi 9 Sky Blue 4GB RAM 64GB ROM,11/12/2020 18:14
863685059831655,Redmi 9 Sky Blue 4GB RAM 128GB ROM,11/12/2020 18:21
867476043612591,Redmi 9 Sky Blue 4GB RAM 64GB ROM,11/12/2020 18:28
867476043665714,Redmi 9 Sky Blue 4GB RAM 64GB ROM,11/12/2020 18:28
862985051471547,Redmi 9A Nature Green 3GB RAM 32GB ROM,11/12/2020 18:30
865650052300726,Redmi 9A Midnight Black 3GB RAM 32GB ROM,11/12/2020 18:38
865650052360183,Redmi 9A Midnight Black 3GB RAM 32GB ROM,11/12/2020 18:39
863685058127618,Redmi 9 Sporty Orange 4GB RAM 64GB ROM,11/12/2020 18:39
865650052345507,Redmi 9A Midnight Black 3GB RAM 32GB ROM,11/12/2020 18:41
865650052296643,Redmi 9A Midnight Black 3GB RAM 32GB ROM,11/12/2020 18:50
865650052346364,Redmi 9A Midnight Black 3GB RAM 32GB ROM,11/12/2020 18:52
865650052193048,Redmi 9A Midnight Black 3GB RAM 32GB ROM,11/12/2020 18:55
865650052306624,Redmi 9A Midnight Black 3GB RAM 32GB ROM,11/12/2020 18:59
865650052344807,Redmi 9A Midnight Black 3GB RAM 32GB ROM,11/12/2020 19:05
865650052302649,Redmi 9A Midnight Black 3GB RAM 32GB ROM,11/12/2020 19:10
865650052090400,Redmi 9A Midnight Black 3GB RAM 32GB ROM,11/12/2020 19:11
862228053109272,Redmi 9 Sky Blue 4GB RAM 64GB ROM,11/12/2020 19:22
865650053376881,Redmi 9A Sea Blue 3GB RAM 32GB ROM,11/12/2020 19:31
865650053373862,Redmi 9A Sea Blue 3GB RAM 32GB ROM,11/12/2020 19:32
865650051329122,Redmi 9A Midnight Black 2GB RAM 32GB ROM,11/12/2020 19:36
865650051406904,Redmi 9A Midnight Black 2GB RAM 32GB ROM,11/12/2020 19:39
865650051316541,Redmi 9A Midnight Black 2GB RAM 32GB ROM,11/12/2020 19:41
865650051376420,Redmi 9A Midnight Black 2GB RAM 32GB ROM,11/12/2020 19:41
865650051400105,Redmi 9A Midnight Black 2GB RAM 32GB ROM,11/12/2020 19:42
865650051399547,Redmi 9A Midnight Black 2GB RAM 32GB ROM,11/12/2020 19:45
865650051400501,Redmi 9A Midnight Black 2GB RAM 32GB ROM,11/12/2020 19:46
865650051405021,Redmi 9A Midnight Black 2GB RAM 32GB ROM,11/12/2020 19:49
865650051379101,Redmi 9A Midnight Black 2GB RAM 32GB ROM,11/12/2020 19:50
865650051387120,Redmi 9A Midnight Black 2GB RAM 32GB ROM,11/12/2020 19:51
865650051399760,Redmi 9A Midnight Black 2GB RAM 32GB ROM,11/12/2020 19:51
865650051358386,Redmi 9A Midnight Black 2GB RAM 32GB ROM,11/12/2020 20:00
865650051383368,Redmi 9A Midnight Black 2GB RAM 32GB ROM,11/12/2020 20:01
865650051404727,Redmi 9A Midnight Black 2GB RAM 32GB ROM,11/12/2020 20:01
865650051389803,Redmi 9A Midnight Black 2GB RAM 32GB ROM,11/12/2020 20:04
865650051332142,Redmi 9A Midnight Black 2GB RAM 32GB ROM,11/12/2020 20:06
865650051408181,Redmi 9A Midnight Black 2GB RAM 32GB ROM,11/12/2020 20:07
865650051408827,Redmi 9A Midnight Black 2GB RAM 32GB ROM,11/12/2020 20:07
865650051396923,Redmi 9A Midnight Black 2GB RAM 32GB ROM,11/12/2020 20:12
865650053377467,Redmi 9A Sea Blue 3GB RAM 32GB ROM,11/12/2020 20:17
865650051409064,Redmi 9A Midnight Black 2GB RAM 32GB ROM,11/12/2020 20:17
867476043492036,Redmi 9 Sky Blue 4GB RAM 64GB ROM,11/12/2020 21:45
865715044589072,Redmi Note 9 Pro Aurora Blue 4GB RAM 64GB ROM,11/13/2020 1:50
865650052647100,Redmi 9A Sea Blue 3GB RAM 32GB ROM,11/13/2020 10:54
865715044576954,Redmi Note 9 Pro Aurora Blue 4GB RAM 64GB ROM,11/13/2020 12:36
865650052171366,Redmi 9A Midnight Black 3GB RAM 32GB ROM,11/13/2020 12:52
865650053312266,Redmi 9A Sea Blue 3GB RAM 32GB ROM,11/13/2020 14:09
865650053366445,Redmi 9A Sea Blue 3GB RAM 32GB ROM,11/13/2020 14:11
862228053329631,Redmi 9 Sky Blue 4GB RAM 128GB ROM,11/13/2020 14:12
865650053355869,Redmi 9A Sea Blue 3GB RAM 32GB ROM,11/13/2020 14:12
865650052347362,Redmi 9A Midnight Black 3GB RAM 32GB ROM,11/13/2020 14:25
865650052149883,Redmi 9A Midnight Black 3GB RAM 32GB ROM,11/13/2020 14:27
865650052343221,Redmi 9A Midnight Black 3GB RAM 32GB ROM,11/13/2020 14:30
865650053290165,Redmi 9A Sea Blue 3GB RAM 32GB ROM,11/13/2020 14:34
865650053347965,Redmi 9A Sea Blue 3GB RAM 32GB ROM,11/13/2020 14:36
865650053287260,Redmi 9A Sea Blue 3GB RAM 32GB ROM,11/13/2020 14:42
865650053355521,Redmi 9A Sea Blue 3GB RAM 32GB ROM,11/13/2020 14:56
865650053286148,Redmi 9A Sea Blue 3GB RAM 32GB ROM,11/13/2020 15:01
865650053287823,Redmi 9A Sea Blue 3GB RAM 32GB ROM,11/13/2020 15:02
865650053351124,Redmi 9A Sea Blue 3GB RAM 32GB ROM,11/13/2020 15:05
865650053369860,Redmi 9A Sea Blue 3GB RAM 32GB ROM,11/13/2020 15:06
865650053369480,Redmi 9A Sea Blue 3GB RAM 32GB ROM,11/13/2020 15:07
865650052221120,Redmi 9A Midnight Black 3GB RAM 32GB ROM,11/13/2020 15:12
865715044578091,Redmi Note 9 Pro Glacier White 4GB RAM 64GB ROM,11/13/2020 15:17
865715044590195,Redmi Note 9 Pro Aurora Blue 4GB RAM 64GB ROM,11/13/2020 15:18
865650052359268,Redmi 9A Midnight Black 3GB RAM 32GB ROM,11/13/2020 15:20
865650053380305,Redmi 9A Sea Blue 3GB RAM 32GB ROM,11/13/2020 15:23
865650053364168,Redmi 9A Sea Blue 3GB RAM 32GB ROM,11/13/2020 15:24
865650053365660,Redmi 9A Sea Blue 3GB RAM 32GB ROM,11/13/2020 15:29
865650053282741,Redmi 9A Sea Blue 3GB RAM 32GB ROM,11/13/2020 15:31
865650052303282,Redmi 9A Midnight Black 3GB RAM 32GB ROM,11/13/2020 15:37
865650052343544,Redmi 9A Midnight Black 3GB RAM 32GB ROM,11/13/2020 15:40
865528052772831,Redmi Note 9 Pro Max Aurora Blue 6GB RAM 64GB ROM,11/13/2020 15:41
865650052355589,Redmi 9A Midnight Black 3GB RAM 32GB ROM,11/13/2020 15:44
865650053375628,Redmi 9A Sea Blue 3GB RAM 32GB ROM,11/13/2020 15:45
865650052368707,Redmi 9A Midnight Black 3GB RAM 32GB ROM,11/13/2020 15:47
862228050271414,Redmi 9 Sporty Orange 4GB RAM 128GB ROM,11/13/2020 15:53
865650053176984,Redmi 9A Sea Blue 3GB RAM 32GB ROM,11/13/2020 16:18
863118044556518,Redmi Note 9 Pro Champagne Gold 4GB RAM 128GB ROM,11/13/2020 16:19
865650053387045,Redmi 9A Sea Blue 3GB RAM 32GB ROM,11/13/2020 16:20
865650053391781,Redmi 9A Sea Blue 3GB RAM 32GB ROM,11/13/2020 16:20
865650053392847,Redmi 9A Sea Blue 3GB RAM 32GB ROM,11/13/2020 16:29
865650053341703,Redmi 9A Sea Blue 3GB RAM 32GB ROM,11/13/2020 16:36
865650053344384,Redmi 9A Sea Blue 3GB RAM 32GB ROM,11/13/2020 16:41
865650053342420,Redmi 9A Sea Blue 3GB RAM 32GB ROM,11/13/2020 16:44
865650052516800,Redmi 9A Sea Blue 3GB RAM 32GB ROM,11/13/2020 16:46
865650053299208,Redmi 9A Sea Blue 3GB RAM 32GB ROM,11/13/2020 16:48
865650053341604,Redmi 9A Sea Blue 3GB RAM 32GB ROM,11/13/2020 16:52
865650053392805,Redmi 9A Sea Blue 3GB RAM 32GB ROM,11/13/2020 16:53
865650053342446,Redmi 9A Sea Blue 3GB RAM 32GB ROM,11/13/2020 16:56
865650053346744,Redmi 9A Sea Blue 3GB RAM 32GB ROM,11/13/2020 16:57
865650053188641,Redmi 9A Sea Blue 3GB RAM 32GB ROM,11/13/2020 17:03
865650053349763,Redmi 9A Sea Blue 3GB RAM 32GB ROM,11/13/2020 17:04
865650053266843,Redmi 9A Sea Blue 3GB RAM 32GB ROM,11/13/2020 17:17
865650052652167,Redmi 9A Sea Blue 3GB RAM 32GB ROM,11/13/2020 17:17
865650053269961,Redmi 9A Sea Blue 3GB RAM 32GB ROM,11/13/2020 17:20
865650053342040,Redmi 9A Sea Blue 3GB RAM 32GB ROM,11/13/2020 17:22
865650053175200,Redmi 9A Sea Blue 3GB RAM 32GB ROM,11/13/2020 17:26
865650053258667,Redmi 9A Sea Blue 3GB RAM 32GB ROM,11/13/2020 17:29
863685058196936,Redmi 9 Sporty Orange 4GB RAM 64GB ROM,11/13/2020 17:41
867476043489297,Redmi 9 Sky Blue 4GB RAM 64GB ROM,11/13/2020 18:14
867476043505977,Redmi 9 Sky Blue 4GB RAM 64GB ROM,11/13/2020 18:22
867476043516057,Redmi 9 Sky Blue 4GB RAM 64GB ROM,11/13/2020 18:24
867476043364235,Redmi 9 Sky Blue 4GB RAM 64GB ROM,11/13/2020 18:24
867476043491913,Redmi 9 Sky Blue 4GB RAM 64GB ROM,11/13/2020 18:25
867476043434939,Redmi 9 Sky Blue 4GB RAM 64GB ROM,11/13/2020 18:29
867476043495195,Redmi 9 Sky Blue 4GB RAM 64GB ROM,11/13/2020 18:29
867476043369853,Redmi 9 Sky Blue 4GB RAM 64GB ROM,11/13/2020 18:32
862228053092577,Redmi 9 Sky Blue 4GB RAM 64GB ROM,11/13/2020 18:47
862985051530409,Redmi 9A Nature Green 3GB RAM 32GB ROM,11/13/2020 18:58
862985051529468,Redmi 9A Nature Green 3GB RAM 32GB ROM,11/13/2020 19:07
865715044601950,Redmi Note 9 Pro Aurora Blue 4GB RAM 64GB ROM,11/13/2020 19:11
862985051511961,Redmi 9A Nature Green 3GB RAM 32GB ROM,11/13/2020 19:12
862985051510203,Redmi 9A Nature Green 3GB RAM 32GB ROM,11/13/2020 19:15
862985051266368,Redmi 9A Nature Green 3GB RAM 32GB ROM,11/13/2020 19:18
862985051436045,Redmi 9A Nature Green 3GB RAM 32GB ROM,11/13/2020 19:23
862985051528148,Redmi 9A Nature Green 3GB RAM 32GB ROM,11/13/2020 19:24
862985050612489,Redmi 9A Nature Green 3GB RAM 32GB ROM,11/13/2020 19:27
862985051435682,Redmi 9A Nature Green 3GB RAM 32GB ROM,11/13/2020 19:27
862985051359403,Redmi 9A Nature Green 3GB RAM 32GB ROM,11/13/2020 19:28
862985051472180,Redmi 9A Nature Green 3GB RAM 32GB ROM,11/13/2020 19:32
862985051180023,Redmi 9A Nature Green 3GB RAM 32GB ROM,11/13/2020 19:32
862985051363249,Redmi 9A Nature Green 3GB RAM 32GB ROM,11/13/2020 19:35
862985051195849,Redmi 9A Nature Green 3GB RAM 32GB ROM,11/13/2020 19:38
862985051345766,Redmi 9A Nature Green 3GB RAM 32GB ROM,11/13/2020 19:42
862985051197886,Redmi 9A Nature Green 3GB RAM 32GB ROM,11/13/2020 19:43
860377044494525,Redmi Note 9 Aqua Green 4GB RAM 64GB ROM,11/13/2020 19:44
862985051546140,Redmi 9A Nature Green 3GB RAM 32GB ROM,11/13/2020 19:46
862985051402021,Redmi 9A Nature Green 3GB RAM 32GB ROM,11/13/2020 19:50
865650052344963,Redmi 9A Midnight Black 3GB RAM 32GB ROM,11/13/2020 20:00
867617052480574,Redmi 9i Sea Blue 4GB RAM 64GB ROM,11/13/2020 20:20
865715044582390,Redmi Note 9 Pro Glacier White 4GB RAM 64GB ROM,11/13/2020 20:20
867617052477356,Redmi 9i Sea Blue 4GB RAM 64GB ROM,11/13/2020 20:20
867617052482059,Redmi 9i Sea Blue 4GB RAM 64GB ROM,11/13/2020 20:23
867617052479055,Redmi 9i Sea Blue 4GB RAM 64GB ROM,11/13/2020 20:23
865715044605597,Redmi Note 9 Pro Aurora Blue 4GB RAM 64GB ROM,11/13/2020 20:24
860377046459864,Redmi Note 9 Arctic White 4GB RAM 64GB ROM,11/13/2020 20:27
860377045567402,Redmi Note 9 Arctic White 4GB RAM 64GB ROM,11/13/2020 20:27
860377046161585,Redmi Note 9 Arctic White 4GB RAM 64GB ROM,11/13/2020 20:35
867250059861784,Redmi 9 Prime Space Blue 4GB RAM 64GB ROM,11/13/2020 20:39
867250059774607,Redmi 9 Prime Space Blue 4GB RAM 64GB ROM,11/13/2020 20:47
865650051908404,Redmi 9A Midnight Black 3GB RAM 32GB ROM,11/14/2020 6:51
864782043846037,Redmi Note 9 Pro Interstellar Black 4GB RAM 128GB ROM,11/14/2020 6:58
862851050944134,Redmi 9A Sea Blue 2GB RAM 32GB ROM,11/14/2020 7:56
862228053115295,Redmi 9 Sky Blue 4GB RAM 64GB ROM,11/14/2020 12:13
863118048760090,Redmi Note 9 Pro Aurora Blue 4GB RAM 128GB ROM,11/14/2020 12:26
860377047295325,Redmi Note 9 Pebble Grey 4GB RAM 64GB ROM,11/14/2020 14:54
860377045768307,Redmi Note 9 Arctic White 4GB RAM 64GB ROM,11/14/2020 14:55
860377046551082,Redmi Note 9 Arctic White 4GB RAM 64GB ROM,11/14/2020 14:55
860377046570025,Redmi Note 9 Arctic White 4GB RAM 64GB ROM,11/14/2020 14:59
860377047294666,Redmi Note 9 Pebble Grey 4GB RAM 64GB ROM,11/14/2020 15:04
863118044407993,Redmi Note 9 Pro Aurora Blue 4GB RAM 128GB ROM,11/14/2020 15:27
863118044297857,Redmi Note 9 Pro Aurora Blue 4GB RAM 128GB ROM,11/14/2020 15:28
863118044342372,Redmi Note 9 Pro Aurora Blue 4GB RAM 128GB ROM,11/14/2020 15:29
863118043855598,Redmi Note 9 Pro Champagne Gold 4GB RAM 128GB ROM,11/14/2020 15:33
863118044322259,Redmi Note 9 Pro Aurora Blue 4GB RAM 128GB ROM,11/14/2020 15:38
862851055305000,Redmi 9A Nature Green 2GB RAM 32GB ROM,11/14/2020 15:45
862851050935116,Redmi 9A Sea Blue 2GB RAM 32GB ROM,11/14/2020 15:49
862851050721615,Redmi 9A Sea Blue 2GB RAM 32GB ROM,11/14/2020 15:51
862851055334091,Redmi 9A Nature Green 2GB RAM 32GB ROM,11/14/2020 15:53
862851050772956,Redmi 9A Sea Blue 2GB RAM 32GB ROM,11/14/2020 15:57
862185047397282,Redmi 9A Nature Green 2GB RAM 32GB ROM,11/14/2020 15:59
865650051367809,Redmi 9A Midnight Black 2GB RAM 32GB ROM,11/14/2020 16:00
862851050678286,Redmi 9A Sea Blue 2GB RAM 32GB ROM,11/14/2020 16:03
862851050750267,Redmi 9A Sea Blue 2GB RAM 32GB ROM,11/14/2020 16:03
862851055313491,Redmi 9A Nature Green 2GB RAM 32GB ROM,11/14/2020 16:07
862185047423328,Redmi 9A Nature Green 2GB RAM 32GB ROM,11/14/2020 16:09
862185047331984,Redmi 9A Nature Green 2GB RAM 32GB ROM,11/14/2020 16:10
865650051373500,Redmi 9A Midnight Black 2GB RAM 32GB ROM,11/14/2020 16:15
865650051357206,Redmi 9A Midnight Black 2GB RAM 32GB ROM,11/14/2020 16:20
862185047105289,Redmi 9A Nature Green 2GB RAM 32GB ROM,11/14/2020 16:21
865650051368401,Redmi 9A Midnight Black 2GB RAM 32GB ROM,11/14/2020 16:22
860868045677654,Redmi 9A Nature Green 2GB RAM 32GB ROM,11/14/2020 16:25
860868045678173,Redmi 9A Nature Green 2GB RAM 32GB ROM,11/14/2020 16:26
860868045685392,Redmi 9A Nature Green 2GB RAM 32GB ROM,11/14/2020 16:28
860868042350693,Redmi 9A Nature Green 2GB RAM 32GB ROM,11/14/2020 16:30
867617052324095,Redmi 9i Sea Blue 4GB RAM 64GB ROM,11/14/2020 17:25
867617052480376,Redmi 9i Sea Blue 4GB RAM 64GB ROM,11/14/2020 17:27
862024058983252,Redmi Note 9 Arctic White 4GB RAM 128GB ROM,11/14/2020 17:27
862024058976272,Redmi Note 9 Arctic White 4GB RAM 128GB ROM,11/14/2020 17:31
864391040137877,Redmi Note 9 Arctic White 4GB RAM 128GB ROM,11/14/2020 17:34
864391042484335,Redmi Note 9 Pebble Grey 4GB RAM 128GB ROM,11/14/2020 17:34
864391040061630,Redmi Note 9 Pebble Grey 4GB RAM 128GB ROM,11/14/2020 17:39
864391040107771,Redmi Note 9 Arctic White 4GB RAM 128GB ROM,11/14/2020 17:43
864391042580876,Redmi Note 9 Pebble Grey 4GB RAM 128GB ROM,11/14/2020 17:47
862024056709253,Redmi Note 9 Aqua Green 4GB RAM 128GB ROM,11/14/2020 17:47
864391040134551,Redmi Note 9 Arctic White 4GB RAM 128GB ROM,11/14/2020 17:49
862024056655035,Redmi Note 9 Aqua Green 4GB RAM 128GB ROM,11/14/2020 17:54
862024056533539,Redmi Note 9 Aqua Green 4GB RAM 128GB ROM,11/14/2020 17:54
862024056723130,Redmi Note 9 Aqua Green 4GB RAM 128GB ROM,11/14/2020 17:55
862985050426922,Redmi 9A Nature Green 3GB RAM 32GB ROM,11/15/2020 11:52
865650052175706,Redmi 9A Midnight Black 3GB RAM 32GB ROM,11/15/2020 15:24
865650053345803,Redmi 9A Sea Blue 3GB RAM 32GB ROM,11/15/2020 18:14
865715044578315,Redmi Note 9 Pro Aurora Blue 4GB RAM 64GB ROM,11/15/2020 18:26
865650052273923,Redmi 9A Midnight Black 3GB RAM 32GB ROM,11/15/2020 18:58
867476043057474,Redmi 9 Sky Blue 4GB RAM 64GB ROM,11/16/2020 12:43
867936046828726,Redmi 9i Midnight Black 4GB RAM 128GB ROM,11/16/2020 15:15
867936046645468,Redmi 9i Midnight Black 4GB RAM 128GB ROM,11/16/2020 15:20
867936046605462,Redmi 9i Midnight Black 4GB RAM 128GB ROM,11/16/2020 15:23
867936046791767,Redmi 9i Midnight Black 4GB RAM 128GB ROM,11/16/2020 15:29
867936046807944,Redmi 9i Midnight Black 4GB RAM 128GB ROM,11/16/2020 15:29
867936046697741,Redmi 9i Midnight Black 4GB RAM 128GB ROM,11/16/2020 15:34
867936046613748,Redmi 9i Midnight Black 4GB RAM 128GB ROM,11/16/2020 15:36
867936046685944,Redmi 9i Midnight Black 4GB RAM 128GB ROM,11/16/2020 15:38
867617052343517,Redmi 9i Sea Blue 4GB RAM 64GB ROM,11/16/2020 15:40
867936046789241,Redmi 9i Midnight Black 4GB RAM 128GB ROM,11/16/2020 15:44
867617052462234,Redmi 9i Sea Blue 4GB RAM 64GB ROM,11/16/2020 15:46
867936046789746,Redmi 9i Midnight Black 4GB RAM 128GB ROM,11/16/2020 15:46
867936046648785,Redmi 9i Midnight Black 4GB RAM 128GB ROM,11/16/2020 15:47
867936046757487,Redmi 9i Midnight Black 4GB RAM 128GB ROM,11/16/2020 15:52
862851055309184,Redmi 9A Nature Green 2GB RAM 32GB ROM,11/16/2020 16:31
862851055319779,Redmi 9A Nature Green 2GB RAM 32GB ROM,11/16/2020 16:31
862185047566563,Redmi 9A Nature Green 2GB RAM 32GB ROM,11/16/2020 16:38
862185047615022,Redmi 9A Nature Green 2GB RAM 32GB ROM,11/16/2020 16:39
862185047605882,Redmi 9A Nature Green 2GB RAM 32GB ROM,11/16/2020 16:41
862185047608340,Redmi 9A Nature Green 2GB RAM 32GB ROM,11/16/2020 16:49
862185047621202,Redmi 9A Nature Green 2GB RAM 32GB ROM,11/16/2020 16:51
862185047566209,Redmi 9A Nature Green 2GB RAM 32GB ROM,11/16/2020 16:57
862185047616327,Redmi 9A Nature Green 2GB RAM 32GB ROM,11/16/2020 16:58
860162057861665,Redmi 8A Dual Sky White 2GB RAM 32GB ROM,11/16/2020 17:32
862985050342822,Redmi 9A Nature Green 3GB RAM 32GB ROM,11/16/2020 17:33
862985050712685,Redmi 9A Nature Green 3GB RAM 32GB ROM,11/16/2020 17:38
862985050743441,Redmi 9A Nature Green 3GB RAM 32GB ROM,11/16/2020 17:40
862985050671428,Redmi 9A Nature Green 3GB RAM 32GB ROM,11/16/2020 17:45
862985050984722,Redmi 9A Nature Green 3GB RAM 32GB ROM,11/16/2020 17:47
862985050682664,Redmi 9A Nature Green 3GB RAM 32GB ROM,11/16/2020 17:54
862985050650869,Redmi 9A Nature Green 3GB RAM 32GB ROM,11/16/2020 17:58
862985050710804,Redmi 9A Nature Green 3GB RAM 32GB ROM,11/16/2020 18:00
862985051655107,Redmi 9A Nature Green 3GB RAM 32GB ROM,11/16/2020 18:08
862985050615482,Redmi 9A Nature Green 3GB RAM 32GB ROM,11/16/2020 18:10
862985051659869,Redmi 9A Nature Green 3GB RAM 32GB ROM,11/16/2020 18:13
869956052483685,Redmi 9 Prime Sunrise Flare 4GB RAM 64GB ROM,11/16/2020 18:16
869956052451427,Redmi 9 Prime Sunrise Flare 4GB RAM 64GB ROM,11/16/2020 18:21
865650051333900,Redmi 9A Midnight Black 2GB RAM 32GB ROM,11/16/2020 18:21
869956052425066,Redmi 9 Prime Sunrise Flare 4GB RAM 64GB ROM,11/16/2020 18:23
865650051354740,Redmi 9A Midnight Black 2GB RAM 32GB ROM,11/16/2020 18:26
867476043174931,Redmi 9 Sky Blue 4GB RAM 64GB ROM,11/16/2020 18:30
867476043076854,Redmi 9 Sky Blue 4GB RAM 64GB ROM,11/16/2020 18:34
867476043181977,Redmi 9 Sky Blue 4GB RAM 64GB ROM,11/16/2020 18:34
867476043083553,Redmi 9 Sky Blue 4GB RAM 64GB ROM,11/16/2020 18:45
867476043150071,Redmi 9 Sky Blue 4GB RAM 64GB ROM,11/16/2020 18:45
862985050732220,Redmi 9A Nature Green 3GB RAM 32GB ROM,11/16/2020 18:58
862985050419166,Redmi 9A Nature Green 3GB RAM 32GB ROM,11/16/2020 18:59
862985050731446,Redmi 9A Nature Green 3GB RAM 32GB ROM,11/16/2020 18:59
862985050983765,Redmi 9A Nature Green 3GB RAM 32GB ROM,11/16/2020 19:05
862985050949923,Redmi 9A Nature Green 3GB RAM 32GB ROM,11/16/2020 19:05
862985050650968,Redmi 9A Nature Green 3GB RAM 32GB ROM,11/16/2020 19:05
862985050925204,Redmi 9A Nature Green 3GB RAM 32GB ROM,11/16/2020 19:14
862985050648962,Redmi 9A Nature Green 3GB RAM 32GB ROM,11/16/2020 19:15
865650051333967,Redmi 9A Midnight Black 2GB RAM 32GB ROM,11/16/2020 19:55
865650051327506,Redmi 9A Midnight Black 2GB RAM 32GB ROM,11/16/2020 19:58
865650051337901,Redmi 9A Midnight Black 2GB RAM 32GB ROM,11/16/2020 20:01
865650051325724,Redmi 9A Midnight Black 2GB RAM 32GB ROM,11/16/2020 20:02
865650051323547,Redmi 9A Midnight Black 2GB RAM 32GB ROM,11/16/2020 20:05
865650051332340,Redmi 9A Midnight Black 2GB RAM 32GB ROM,11/16/2020 20:07
865650051323760,Redmi 9A Midnight Black 2GB RAM 32GB ROM,11/16/2020 20:08
865650051337208,Redmi 9A Midnight Black 2GB RAM 32GB ROM,11/16/2020 20:09
865650051323729,Redmi 9A Midnight Black 2GB RAM 32GB ROM,11/16/2020 20:12
862851050889297,Redmi 9A Sea Blue 2GB RAM 32GB ROM,11/16/2020 20:15
865650051328629,Redmi 9A Midnight Black 2GB RAM 32GB ROM,11/16/2020 20:16
865650051330328,Redmi 9A Midnight Black 2GB RAM 32GB ROM,11/16/2020 20:17
865650051338081,Redmi 9A Midnight Black 2GB RAM 32GB ROM,11/16/2020 20:20
865650051369128,Redmi 9A Midnight Black 2GB RAM 32GB ROM,11/16/2020 20:21
865650051324727,Redmi 9A Midnight Black 2GB RAM 32GB ROM,11/16/2020 20:24
865650051328744,Redmi 9A Midnight Black 2GB RAM 32GB ROM,11/16/2020 20:25
865650051348825,Redmi 9A Midnight Black 2GB RAM 32GB ROM,11/16/2020 20:26
865650051346225,Redmi 9A Midnight Black 2GB RAM 32GB ROM,11/16/2020 20:28
862185047620881,Redmi 9A Nature Green 2GB RAM 32GB ROM,11/16/2020 20:34
860868041736876,Redmi 9A Nature Green 2GB RAM 32GB ROM,11/16/2020 20:36
860868043367670,Redmi 9A Nature Green 2GB RAM 32GB ROM,11/16/2020 20:37
860868042982750,Redmi 9A Nature Green 2GB RAM 32GB ROM,11/16/2020 20:37
860868045679973,Redmi 9A Nature Green 2GB RAM 32GB ROM,11/16/2020 20:41
860868045677134,Redmi 9A Nature Green 2GB RAM 32GB ROM,11/16/2020 20:42
860868045684858,Redmi 9A Nature Green 2GB RAM 32GB ROM,11/16/2020 20:48
